{
  "platform": "Windows-11-10.0.26200-SP0",
  "python": "3.14.3",
  "real_k8s_reset_seconds": 60.0,
  "speedup_vs_real_k8s_x": 114319.64751799118,
  "resets": {
    "per_family": {
      "oom_crash": {
        "n": 200,
        "total_seconds": 0.1425027996301651,
        "mean_ms": 0.7125139981508255,
        "resets_per_sec": 1403.4811983979005,
        "p50_ms": 0.6844000308774412,
        "p95_ms": 1.052499981597066,
        "p99_ms": 1.6927000251598656
      },
      "db_pool_exhaustion": {
        "n": 200,
        "total_seconds": 0.0810912997694686,
        "mean_ms": 0.405456498847343,
        "resets_per_sec": 2466.3558306325394,
        "p50_ms": 0.367300002835691,
        "p95_ms": 0.7235000375658274,
        "p99_ms": 0.8777999901212752
      },
      "bad_deployment_cascade": {
        "n": 200,
        "total_seconds": 0.09131239989073947,
        "mean_ms": 0.45656199945369735,
        "resets_per_sec": 2190.283030993726,
        "p50_ms": 0.41800003964453936,
        "p95_ms": 0.8569999481551349,
        "p99_ms": 1.4303999487310648
      }
    },
    "overall": {
      "n": 600,
      "total_seconds": 0.3149064992903732,
      "mean_ms": 0.5248441654839553,
      "resets_per_sec": 1905.3274586331863,
      "p50_ms": 0.4540000227279961,
      "p95_ms": 0.9642000077292323,
      "p99_ms": 1.4303999487310648
    }
  },
  "steps": {
    "n": 2000,
    "total_seconds": 0.31126259901793674,
    "mean_ms": 0.15563129950896837,
    "steps_per_sec": 6425.442717211098,
    "p50_ms": 0.1338999718427658,
    "p95_ms": 0.31599996145814657,
    "p99_ms": 0.5300000193528831
  }
}